<?xml version="1.0" encoding="UTF-8" ?>
<XMLDB PATH="theme/learnr/db" VERSION="20200525" COMMENT="XMLDB file for Moodle theme/learnr"
    xmlns:xsi="http://www.w3.org/2001/XMLSchema-instance"
    xsi:noNamespaceSchemaLocation="../../../../lib/xmldb/xmldb.xsd"
>
  <TABLES>
    <TABLE NAME="theme_learnr_flavours" COMMENT="Flavour definitions">
      <FIELDS>
        <FIELD NAME="id" TYPE="int" LENGTH="10" NOTNULL="true" SEQUENCE="true"/>
        <FIELD NAME="title" TYPE="char" LENGTH="255" NOTNULL="true" SEQUENCE="false"/>
        <FIELD NAME="description" TYPE="text" NOTNULL="false" SEQUENCE="false"/>
        <FIELD NAME="description_format" TYPE="int" LENGTH="10" NOTNULL="false" SEQUENCE="false"/>
        <FIELD NAME="sort" TYPE="int" LENGTH="10" NOTNULL="false" SEQUENCE="false"/>
        <FIELD NAME="applytocohorts" TYPE="int" LENGTH="1" NOTNULL="false" SEQUENCE="false"/>
        <FIELD NAME="applytocohorts_ids" TYPE="text" NOTNULL="false" SEQUENCE="false"/>
        <FIELD NAME="applytocategories" TYPE="int" LENGTH="1" NOTNULL="false" SEQUENCE="false"/>
        <FIELD NAME="applytocategories_ids" TYPE="text" NOTNULL="false" SEQUENCE="false"/>
        <FIELD NAME="applytocategories_subcats" TYPE="int" LENGTH="1" NOTNULL="false" SEQUENCE="false"/>
        <FIELD NAME="look_logo" TYPE="char" LENGTH="255" NOTNULL="false" SEQUENCE="false"/>
        <FIELD NAME="look_logocompact" TYPE="char" LENGTH="255" NOTNULL="false" SEQUENCE="false"/>
        <FIELD NAME="look_favicon" TYPE="char" LENGTH="255" NOTNULL="false" SEQUENCE="false"/>
        <FIELD NAME="look_backgroundimage" TYPE="char" LENGTH="255" NOTNULL="false" SEQUENCE="false"/>
        <FIELD NAME="look_rawscss" TYPE="text" NOTNULL="false" SEQUENCE="false"/>
      </FIELDS>
      <KEYS>
        <KEY NAME="primary" TYPE="primary" FIELDS="id"/>
      </KEYS>
    </TABLE>
  </TABLES>
</XMLDB>
